email,password,idamId
ccdloadtest751@gmail.com,Password12,547315
ccdloadtest752@gmail.com,Password12,547316
ccdloadtest753@gmail.com,Password12,547317
ccdloadtest754@gmail.com,Password12,547318
ccdloadtest755@gmail.com,Password12,547319
ccdloadtest756@gmail.com,Password12,547320
ccdloadtest757@gmail.com,Password12,547321
ccdloadtest758@gmail.com,Password12,547322
ccdloadtest759@gmail.com,Password12,547323
ccdloadtest760@gmail.com,Password12,547324
ccdloadtest762@gmail.com,Password12,547326
ccdloadtest763@gmail.com,Password12,547327
ccdloadtest764@gmail.com,Password12,547328
ccdloadtest765@gmail.com,Password12,547329
ccdloadtest766@gmail.com,Password12,547330
ccdloadtest767@gmail.com,Password12,547331
ccdloadtest768@gmail.com,Password12,547332
ccdloadtest769@gmail.com,Password12,547333
ccdloadtest770@gmail.com,Password12,547334
ccdloadtest771@gmail.com,Password12,547335
ccdloadtest751@gmail.com,Password12,547315
ccdloadtest752@gmail.com,Password12,547316
ccdloadtest753@gmail.com,Password12,547317
ccdloadtest754@gmail.com,Password12,547318
ccdloadtest755@gmail.com,Password12,547319
ccdloadtest756@gmail.com,Password12,547320
ccdloadtest757@gmail.com,Password12,547321
ccdloadtest758@gmail.com,Password12,547322
ccdloadtest759@gmail.com,Password12,547323
ccdloadtest760@gmail.com,Password12,547324
ccdloadtest762@gmail.com,Password12,547326
ccdloadtest763@gmail.com,Password12,547327
ccdloadtest764@gmail.com,Password12,547328
ccdloadtest765@gmail.com,Password12,547329
ccdloadtest766@gmail.com,Password12,547330
ccdloadtest767@gmail.com,Password12,547331
ccdloadtest768@gmail.com,Password12,547332
ccdloadtest769@gmail.com,Password12,547333
ccdloadtest770@gmail.com,Password12,547334
ccdloadtest771@gmail.com,Password12,547335
ccdloadtest751@gmail.com,Password12,547315
ccdloadtest752@gmail.com,Password12,547316
ccdloadtest753@gmail.com,Password12,547317
ccdloadtest754@gmail.com,Password12,547318
ccdloadtest755@gmail.com,Password12,547319
ccdloadtest756@gmail.com,Password12,547320
ccdloadtest757@gmail.com,Password12,547321
ccdloadtest758@gmail.com,Password12,547322
ccdloadtest759@gmail.com,Password12,547323
ccdloadtest760@gmail.com,Password12,547324
ccdloadtest762@gmail.com,Password12,547326
ccdloadtest763@gmail.com,Password12,547327
ccdloadtest764@gmail.com,Password12,547328
ccdloadtest765@gmail.com,Password12,547329
ccdloadtest766@gmail.com,Password12,547330
ccdloadtest767@gmail.com,Password12,547331
ccdloadtest768@gmail.com,Password12,547332
ccdloadtest769@gmail.com,Password12,547333
ccdloadtest770@gmail.com,Password12,547334
ccdloadtest771@gmail.com,Password12,547335
ccdloadtest751@gmail.com,Password12,547315
ccdloadtest752@gmail.com,Password12,547316
ccdloadtest753@gmail.com,Password12,547317
ccdloadtest754@gmail.com,Password12,547318
ccdloadtest755@gmail.com,Password12,547319
ccdloadtest756@gmail.com,Password12,547320
ccdloadtest757@gmail.com,Password12,547321
ccdloadtest758@gmail.com,Password12,547322
ccdloadtest759@gmail.com,Password12,547323
ccdloadtest760@gmail.com,Password12,547324
ccdloadtest762@gmail.com,Password12,547326
ccdloadtest763@gmail.com,Password12,547327
ccdloadtest764@gmail.com,Password12,547328
ccdloadtest765@gmail.com,Password12,547329
ccdloadtest766@gmail.com,Password12,547330
ccdloadtest767@gmail.com,Password12,547331
ccdloadtest768@gmail.com,Password12,547332
ccdloadtest769@gmail.com,Password12,547333
ccdloadtest770@gmail.com,Password12,547334
ccdloadtest771@gmail.com,Password12,547335
ccdloadtest751@gmail.com,Password12,547315
ccdloadtest752@gmail.com,Password12,547316
ccdloadtest753@gmail.com,Password12,547317
ccdloadtest754@gmail.com,Password12,547318
ccdloadtest755@gmail.com,Password12,547319
ccdloadtest756@gmail.com,Password12,547320
ccdloadtest757@gmail.com,Password12,547321
ccdloadtest758@gmail.com,Password12,547322
ccdloadtest759@gmail.com,Password12,547323
ccdloadtest760@gmail.com,Password12,547324
ccdloadtest762@gmail.com,Password12,547326
ccdloadtest763@gmail.com,Password12,547327
ccdloadtest764@gmail.com,Password12,547328
ccdloadtest765@gmail.com,Password12,547329
ccdloadtest766@gmail.com,Password12,547330
ccdloadtest767@gmail.com,Password12,547331
ccdloadtest768@gmail.com,Password12,547332
ccdloadtest769@gmail.com,Password12,547333
ccdloadtest770@gmail.com,Password12,547334
ccdloadtest771@gmail.com,Password12,547335
ccdloadtest751@gmail.com,Password12,547315
ccdloadtest752@gmail.com,Password12,547316
ccdloadtest753@gmail.com,Password12,547317
ccdloadtest754@gmail.com,Password12,547318
ccdloadtest755@gmail.com,Password12,547319
ccdloadtest756@gmail.com,Password12,547320
ccdloadtest757@gmail.com,Password12,547321
ccdloadtest758@gmail.com,Password12,547322
ccdloadtest759@gmail.com,Password12,547323
ccdloadtest760@gmail.com,Password12,547324
ccdloadtest762@gmail.com,Password12,547326
ccdloadtest763@gmail.com,Password12,547327
ccdloadtest764@gmail.com,Password12,547328
ccdloadtest765@gmail.com,Password12,547329
ccdloadtest766@gmail.com,Password12,547330
ccdloadtest767@gmail.com,Password12,547331
ccdloadtest768@gmail.com,Password12,547332
ccdloadtest769@gmail.com,Password12,547333
ccdloadtest770@gmail.com,Password12,547334
ccdloadtest771@gmail.com,Password12,547335
ccdloadtest751@gmail.com,Password12,547315
ccdloadtest752@gmail.com,Password12,547316
ccdloadtest753@gmail.com,Password12,547317
ccdloadtest754@gmail.com,Password12,547318
ccdloadtest755@gmail.com,Password12,547319
ccdloadtest756@gmail.com,Password12,547320
ccdloadtest757@gmail.com,Password12,547321
ccdloadtest758@gmail.com,Password12,547322
ccdloadtest759@gmail.com,Password12,547323
ccdloadtest760@gmail.com,Password12,547324
ccdloadtest762@gmail.com,Password12,547326
ccdloadtest763@gmail.com,Password12,547327
ccdloadtest764@gmail.com,Password12,547328
ccdloadtest765@gmail.com,Password12,547329
ccdloadtest766@gmail.com,Password12,547330
ccdloadtest767@gmail.com,Password12,547331
ccdloadtest768@gmail.com,Password12,547332
ccdloadtest769@gmail.com,Password12,547333
ccdloadtest770@gmail.com,Password12,547334
ccdloadtest771@gmail.com,Password12,547335
ccdloadtest751@gmail.com,Password12,547315
ccdloadtest752@gmail.com,Password12,547316
ccdloadtest753@gmail.com,Password12,547317
ccdloadtest754@gmail.com,Password12,547318
ccdloadtest755@gmail.com,Password12,547319
ccdloadtest756@gmail.com,Password12,547320
ccdloadtest757@gmail.com,Password12,547321
ccdloadtest758@gmail.com,Password12,547322
ccdloadtest759@gmail.com,Password12,547323
ccdloadtest760@gmail.com,Password12,547324
ccdloadtest762@gmail.com,Password12,547326
ccdloadtest763@gmail.com,Password12,547327
ccdloadtest764@gmail.com,Password12,547328
ccdloadtest765@gmail.com,Password12,547329
ccdloadtest766@gmail.com,Password12,547330
ccdloadtest767@gmail.com,Password12,547331
ccdloadtest768@gmail.com,Password12,547332
ccdloadtest769@gmail.com,Password12,547333
ccdloadtest770@gmail.com,Password12,547334
ccdloadtest771@gmail.com,Password12,547335
ccdloadtest751@gmail.com,Password12,547315
ccdloadtest752@gmail.com,Password12,547316
ccdloadtest753@gmail.com,Password12,547317
ccdloadtest754@gmail.com,Password12,547318
ccdloadtest755@gmail.com,Password12,547319
ccdloadtest756@gmail.com,Password12,547320
ccdloadtest757@gmail.com,Password12,547321
ccdloadtest758@gmail.com,Password12,547322
ccdloadtest759@gmail.com,Password12,547323
ccdloadtest760@gmail.com,Password12,547324
ccdloadtest762@gmail.com,Password12,547326
ccdloadtest763@gmail.com,Password12,547327
ccdloadtest764@gmail.com,Password12,547328
ccdloadtest765@gmail.com,Password12,547329
ccdloadtest766@gmail.com,Password12,547330
ccdloadtest767@gmail.com,Password12,547331
ccdloadtest768@gmail.com,Password12,547332
ccdloadtest769@gmail.com,Password12,547333
ccdloadtest770@gmail.com,Password12,547334
ccdloadtest771@gmail.com,Password12,547335
ccdloadtest751@gmail.com,Password12,547315
ccdloadtest752@gmail.com,Password12,547316
ccdloadtest753@gmail.com,Password12,547317
ccdloadtest754@gmail.com,Password12,547318
ccdloadtest755@gmail.com,Password12,547319
ccdloadtest756@gmail.com,Password12,547320
ccdloadtest757@gmail.com,Password12,547321
ccdloadtest758@gmail.com,Password12,547322
ccdloadtest759@gmail.com,Password12,547323
ccdloadtest760@gmail.com,Password12,547324
ccdloadtest762@gmail.com,Password12,547326
ccdloadtest763@gmail.com,Password12,547327
ccdloadtest764@gmail.com,Password12,547328
ccdloadtest765@gmail.com,Password12,547329
ccdloadtest766@gmail.com,Password12,547330
ccdloadtest767@gmail.com,Password12,547331
ccdloadtest768@gmail.com,Password12,547332
ccdloadtest769@gmail.com,Password12,547333
ccdloadtest770@gmail.com,Password12,547334
ccdloadtest771@gmail.com,Password12,547335
ccdloadtest751@gmail.com,Password12,547315
ccdloadtest752@gmail.com,Password12,547316
ccdloadtest753@gmail.com,Password12,547317
ccdloadtest754@gmail.com,Password12,547318
ccdloadtest755@gmail.com,Password12,547319
ccdloadtest756@gmail.com,Password12,547320
ccdloadtest757@gmail.com,Password12,547321
ccdloadtest758@gmail.com,Password12,547322
ccdloadtest759@gmail.com,Password12,547323
ccdloadtest760@gmail.com,Password12,547324
ccdloadtest762@gmail.com,Password12,547326
ccdloadtest763@gmail.com,Password12,547327
ccdloadtest764@gmail.com,Password12,547328
ccdloadtest765@gmail.com,Password12,547329
ccdloadtest766@gmail.com,Password12,547330
ccdloadtest767@gmail.com,Password12,547331
ccdloadtest768@gmail.com,Password12,547332
ccdloadtest769@gmail.com,Password12,547333
ccdloadtest770@gmail.com,Password12,547334
ccdloadtest771@gmail.com,Password12,547335
ccdloadtest751@gmail.com,Password12,547315
ccdloadtest752@gmail.com,Password12,547316
ccdloadtest753@gmail.com,Password12,547317
ccdloadtest754@gmail.com,Password12,547318
ccdloadtest755@gmail.com,Password12,547319
ccdloadtest756@gmail.com,Password12,547320
ccdloadtest757@gmail.com,Password12,547321
ccdloadtest758@gmail.com,Password12,547322
ccdloadtest759@gmail.com,Password12,547323
ccdloadtest760@gmail.com,Password12,547324
ccdloadtest762@gmail.com,Password12,547326
ccdloadtest763@gmail.com,Password12,547327
ccdloadtest764@gmail.com,Password12,547328
ccdloadtest765@gmail.com,Password12,547329
ccdloadtest766@gmail.com,Password12,547330
ccdloadtest767@gmail.com,Password12,547331
ccdloadtest768@gmail.com,Password12,547332
ccdloadtest769@gmail.com,Password12,547333
ccdloadtest770@gmail.com,Password12,547334
ccdloadtest771@gmail.com,Password12,547335
ccdloadtest751@gmail.com,Password12,547315
ccdloadtest752@gmail.com,Password12,547316
ccdloadtest753@gmail.com,Password12,547317
ccdloadtest754@gmail.com,Password12,547318
ccdloadtest755@gmail.com,Password12,547319
ccdloadtest756@gmail.com,Password12,547320
ccdloadtest757@gmail.com,Password12,547321
ccdloadtest758@gmail.com,Password12,547322
ccdloadtest759@gmail.com,Password12,547323
ccdloadtest760@gmail.com,Password12,547324
ccdloadtest762@gmail.com,Password12,547326
ccdloadtest763@gmail.com,Password12,547327
ccdloadtest764@gmail.com,Password12,547328
ccdloadtest765@gmail.com,Password12,547329
ccdloadtest766@gmail.com,Password12,547330
ccdloadtest767@gmail.com,Password12,547331
ccdloadtest768@gmail.com,Password12,547332
ccdloadtest769@gmail.com,Password12,547333
ccdloadtest770@gmail.com,Password12,547334
ccdloadtest771@gmail.com,Password12,547335
ccdloadtest751@gmail.com,Password12,547315
ccdloadtest752@gmail.com,Password12,547316
ccdloadtest753@gmail.com,Password12,547317
ccdloadtest754@gmail.com,Password12,547318
ccdloadtest755@gmail.com,Password12,547319
ccdloadtest756@gmail.com,Password12,547320
ccdloadtest757@gmail.com,Password12,547321
ccdloadtest758@gmail.com,Password12,547322
ccdloadtest759@gmail.com,Password12,547323
ccdloadtest760@gmail.com,Password12,547324
ccdloadtest762@gmail.com,Password12,547326
ccdloadtest763@gmail.com,Password12,547327
ccdloadtest764@gmail.com,Password12,547328
ccdloadtest765@gmail.com,Password12,547329
ccdloadtest766@gmail.com,Password12,547330
ccdloadtest767@gmail.com,Password12,547331
ccdloadtest768@gmail.com,Password12,547332
ccdloadtest769@gmail.com,Password12,547333
ccdloadtest770@gmail.com,Password12,547334
ccdloadtest771@gmail.com,Password12,547335
ccdloadtest751@gmail.com,Password12,547315
ccdloadtest752@gmail.com,Password12,547316
ccdloadtest753@gmail.com,Password12,547317
ccdloadtest754@gmail.com,Password12,547318
ccdloadtest755@gmail.com,Password12,547319
ccdloadtest756@gmail.com,Password12,547320
ccdloadtest757@gmail.com,Password12,547321
ccdloadtest758@gmail.com,Password12,547322
ccdloadtest759@gmail.com,Password12,547323
ccdloadtest760@gmail.com,Password12,547324
ccdloadtest762@gmail.com,Password12,547326
ccdloadtest763@gmail.com,Password12,547327
ccdloadtest764@gmail.com,Password12,547328
ccdloadtest765@gmail.com,Password12,547329
ccdloadtest766@gmail.com,Password12,547330
ccdloadtest767@gmail.com,Password12,547331
ccdloadtest768@gmail.com,Password12,547332
ccdloadtest769@gmail.com,Password12,547333
ccdloadtest770@gmail.com,Password12,547334
ccdloadtest771@gmail.com,Password12,547335
ccdloadtest751@gmail.com,Password12,547315
ccdloadtest752@gmail.com,Password12,547316
ccdloadtest753@gmail.com,Password12,547317
ccdloadtest754@gmail.com,Password12,547318
ccdloadtest755@gmail.com,Password12,547319
ccdloadtest756@gmail.com,Password12,547320
ccdloadtest757@gmail.com,Password12,547321
ccdloadtest758@gmail.com,Password12,547322
ccdloadtest759@gmail.com,Password12,547323
ccdloadtest760@gmail.com,Password12,547324
ccdloadtest762@gmail.com,Password12,547326
ccdloadtest763@gmail.com,Password12,547327
ccdloadtest764@gmail.com,Password12,547328
ccdloadtest765@gmail.com,Password12,547329
ccdloadtest766@gmail.com,Password12,547330
ccdloadtest767@gmail.com,Password12,547331
ccdloadtest768@gmail.com,Password12,547332
ccdloadtest769@gmail.com,Password12,547333
ccdloadtest770@gmail.com,Password12,547334
ccdloadtest771@gmail.com,Password12,547335
ccdloadtest751@gmail.com,Password12,547315
ccdloadtest752@gmail.com,Password12,547316
ccdloadtest753@gmail.com,Password12,547317
ccdloadtest754@gmail.com,Password12,547318
ccdloadtest755@gmail.com,Password12,547319
ccdloadtest756@gmail.com,Password12,547320
ccdloadtest757@gmail.com,Password12,547321
ccdloadtest758@gmail.com,Password12,547322
ccdloadtest759@gmail.com,Password12,547323
ccdloadtest760@gmail.com,Password12,547324
ccdloadtest762@gmail.com,Password12,547326
ccdloadtest763@gmail.com,Password12,547327
ccdloadtest764@gmail.com,Password12,547328
ccdloadtest765@gmail.com,Password12,547329
ccdloadtest766@gmail.com,Password12,547330
ccdloadtest767@gmail.com,Password12,547331
ccdloadtest768@gmail.com,Password12,547332
ccdloadtest769@gmail.com,Password12,547333
ccdloadtest770@gmail.com,Password12,547334
ccdloadtest771@gmail.com,Password12,547335
ccdloadtest751@gmail.com,Password12,547315
ccdloadtest752@gmail.com,Password12,547316
ccdloadtest753@gmail.com,Password12,547317
ccdloadtest754@gmail.com,Password12,547318
ccdloadtest755@gmail.com,Password12,547319
ccdloadtest756@gmail.com,Password12,547320
ccdloadtest757@gmail.com,Password12,547321
ccdloadtest758@gmail.com,Password12,547322
ccdloadtest759@gmail.com,Password12,547323
ccdloadtest760@gmail.com,Password12,547324
ccdloadtest762@gmail.com,Password12,547326
ccdloadtest763@gmail.com,Password12,547327
ccdloadtest764@gmail.com,Password12,547328
ccdloadtest765@gmail.com,Password12,547329
ccdloadtest766@gmail.com,Password12,547330
ccdloadtest767@gmail.com,Password12,547331
ccdloadtest768@gmail.com,Password12,547332
ccdloadtest769@gmail.com,Password12,547333
ccdloadtest770@gmail.com,Password12,547334
ccdloadtest771@gmail.com,Password12,547335
ccdloadtest751@gmail.com,Password12,547315
ccdloadtest752@gmail.com,Password12,547316
ccdloadtest753@gmail.com,Password12,547317
ccdloadtest754@gmail.com,Password12,547318
ccdloadtest755@gmail.com,Password12,547319
ccdloadtest756@gmail.com,Password12,547320
ccdloadtest757@gmail.com,Password12,547321
ccdloadtest758@gmail.com,Password12,547322
ccdloadtest759@gmail.com,Password12,547323
ccdloadtest760@gmail.com,Password12,547324
ccdloadtest762@gmail.com,Password12,547326
ccdloadtest763@gmail.com,Password12,547327
ccdloadtest764@gmail.com,Password12,547328
ccdloadtest765@gmail.com,Password12,547329
ccdloadtest766@gmail.com,Password12,547330
ccdloadtest767@gmail.com,Password12,547331
ccdloadtest768@gmail.com,Password12,547332
ccdloadtest769@gmail.com,Password12,547333
ccdloadtest770@gmail.com,Password12,547334
ccdloadtest771@gmail.com,Password12,547335
ccdloadtest751@gmail.com,Password12,547315
ccdloadtest752@gmail.com,Password12,547316
ccdloadtest753@gmail.com,Password12,547317
ccdloadtest754@gmail.com,Password12,547318
ccdloadtest755@gmail.com,Password12,547319
ccdloadtest756@gmail.com,Password12,547320
ccdloadtest757@gmail.com,Password12,547321
ccdloadtest758@gmail.com,Password12,547322
ccdloadtest759@gmail.com,Password12,547323
ccdloadtest760@gmail.com,Password12,547324
ccdloadtest762@gmail.com,Password12,547326
ccdloadtest763@gmail.com,Password12,547327
ccdloadtest764@gmail.com,Password12,547328
ccdloadtest765@gmail.com,Password12,547329
ccdloadtest766@gmail.com,Password12,547330
ccdloadtest767@gmail.com,Password12,547331
ccdloadtest768@gmail.com,Password12,547332
ccdloadtest769@gmail.com,Password12,547333
ccdloadtest770@gmail.com,Password12,547334
ccdloadtest771@gmail.com,Password12,547335
ccdloadtest751@gmail.com,Password12,547315
ccdloadtest752@gmail.com,Password12,547316
ccdloadtest753@gmail.com,Password12,547317
ccdloadtest754@gmail.com,Password12,547318
ccdloadtest755@gmail.com,Password12,547319
ccdloadtest756@gmail.com,Password12,547320
ccdloadtest757@gmail.com,Password12,547321
ccdloadtest758@gmail.com,Password12,547322
ccdloadtest759@gmail.com,Password12,547323
ccdloadtest760@gmail.com,Password12,547324
ccdloadtest762@gmail.com,Password12,547326
ccdloadtest763@gmail.com,Password12,547327
ccdloadtest764@gmail.com,Password12,547328
ccdloadtest765@gmail.com,Password12,547329
ccdloadtest766@gmail.com,Password12,547330
ccdloadtest767@gmail.com,Password12,547331
ccdloadtest768@gmail.com,Password12,547332
ccdloadtest769@gmail.com,Password12,547333
ccdloadtest770@gmail.com,Password12,547334
ccdloadtest771@gmail.com,Password12,547335
ccdloadtest751@gmail.com,Password12,547315
ccdloadtest752@gmail.com,Password12,547316
ccdloadtest753@gmail.com,Password12,547317
ccdloadtest754@gmail.com,Password12,547318
ccdloadtest755@gmail.com,Password12,547319
ccdloadtest756@gmail.com,Password12,547320
ccdloadtest757@gmail.com,Password12,547321
ccdloadtest758@gmail.com,Password12,547322
ccdloadtest759@gmail.com,Password12,547323
ccdloadtest760@gmail.com,Password12,547324
ccdloadtest762@gmail.com,Password12,547326
ccdloadtest763@gmail.com,Password12,547327
ccdloadtest764@gmail.com,Password12,547328
ccdloadtest765@gmail.com,Password12,547329
ccdloadtest766@gmail.com,Password12,547330
ccdloadtest767@gmail.com,Password12,547331
ccdloadtest768@gmail.com,Password12,547332
ccdloadtest769@gmail.com,Password12,547333
ccdloadtest770@gmail.com,Password12,547334
ccdloadtest771@gmail.com,Password12,547335
ccdloadtest751@gmail.com,Password12,547315
ccdloadtest752@gmail.com,Password12,547316
ccdloadtest753@gmail.com,Password12,547317
ccdloadtest754@gmail.com,Password12,547318
ccdloadtest755@gmail.com,Password12,547319
ccdloadtest756@gmail.com,Password12,547320
ccdloadtest757@gmail.com,Password12,547321
ccdloadtest758@gmail.com,Password12,547322
ccdloadtest759@gmail.com,Password12,547323
ccdloadtest760@gmail.com,Password12,547324
ccdloadtest762@gmail.com,Password12,547326
ccdloadtest763@gmail.com,Password12,547327
ccdloadtest764@gmail.com,Password12,547328
ccdloadtest765@gmail.com,Password12,547329
ccdloadtest766@gmail.com,Password12,547330
ccdloadtest767@gmail.com,Password12,547331
ccdloadtest768@gmail.com,Password12,547332
ccdloadtest769@gmail.com,Password12,547333
ccdloadtest770@gmail.com,Password12,547334
ccdloadtest771@gmail.com,Password12,547335
ccdloadtest751@gmail.com,Password12,547315
ccdloadtest752@gmail.com,Password12,547316
ccdloadtest753@gmail.com,Password12,547317
ccdloadtest754@gmail.com,Password12,547318
ccdloadtest755@gmail.com,Password12,547319
ccdloadtest756@gmail.com,Password12,547320
ccdloadtest757@gmail.com,Password12,547321
ccdloadtest758@gmail.com,Password12,547322
ccdloadtest759@gmail.com,Password12,547323
ccdloadtest760@gmail.com,Password12,547324
ccdloadtest762@gmail.com,Password12,547326
ccdloadtest763@gmail.com,Password12,547327
ccdloadtest764@gmail.com,Password12,547328
ccdloadtest765@gmail.com,Password12,547329
ccdloadtest766@gmail.com,Password12,547330
ccdloadtest767@gmail.com,Password12,547331
ccdloadtest768@gmail.com,Password12,547332
ccdloadtest769@gmail.com,Password12,547333
ccdloadtest770@gmail.com,Password12,547334
ccdloadtest771@gmail.com,Password12,547335
ccdloadtest751@gmail.com,Password12,547315
ccdloadtest752@gmail.com,Password12,547316
ccdloadtest753@gmail.com,Password12,547317
ccdloadtest754@gmail.com,Password12,547318
ccdloadtest755@gmail.com,Password12,547319
ccdloadtest756@gmail.com,Password12,547320
ccdloadtest757@gmail.com,Password12,547321
ccdloadtest758@gmail.com,Password12,547322
ccdloadtest759@gmail.com,Password12,547323
ccdloadtest760@gmail.com,Password12,547324
ccdloadtest762@gmail.com,Password12,547326
ccdloadtest763@gmail.com,Password12,547327
ccdloadtest764@gmail.com,Password12,547328
ccdloadtest765@gmail.com,Password12,547329
ccdloadtest766@gmail.com,Password12,547330
ccdloadtest767@gmail.com,Password12,547331
ccdloadtest768@gmail.com,Password12,547332
ccdloadtest769@gmail.com,Password12,547333
ccdloadtest770@gmail.com,Password12,547334
ccdloadtest771@gmail.com,Password12,547335
ccdloadtest751@gmail.com,Password12,547315
ccdloadtest752@gmail.com,Password12,547316
ccdloadtest753@gmail.com,Password12,547317
ccdloadtest754@gmail.com,Password12,547318
ccdloadtest755@gmail.com,Password12,547319
ccdloadtest756@gmail.com,Password12,547320
ccdloadtest757@gmail.com,Password12,547321
ccdloadtest758@gmail.com,Password12,547322
ccdloadtest759@gmail.com,Password12,547323
ccdloadtest760@gmail.com,Password12,547324
ccdloadtest762@gmail.com,Password12,547326
ccdloadtest763@gmail.com,Password12,547327
ccdloadtest764@gmail.com,Password12,547328
ccdloadtest765@gmail.com,Password12,547329
ccdloadtest766@gmail.com,Password12,547330
ccdloadtest767@gmail.com,Password12,547331
ccdloadtest768@gmail.com,Password12,547332
ccdloadtest769@gmail.com,Password12,547333
ccdloadtest770@gmail.com,Password12,547334
ccdloadtest771@gmail.com,Password12,547335
ccdloadtest751@gmail.com,Password12,547315
ccdloadtest752@gmail.com,Password12,547316
ccdloadtest753@gmail.com,Password12,547317
ccdloadtest754@gmail.com,Password12,547318
ccdloadtest755@gmail.com,Password12,547319
ccdloadtest756@gmail.com,Password12,547320
ccdloadtest757@gmail.com,Password12,547321
ccdloadtest758@gmail.com,Password12,547322
ccdloadtest759@gmail.com,Password12,547323
ccdloadtest760@gmail.com,Password12,547324
ccdloadtest762@gmail.com,Password12,547326
ccdloadtest763@gmail.com,Password12,547327
ccdloadtest764@gmail.com,Password12,547328
ccdloadtest765@gmail.com,Password12,547329
ccdloadtest766@gmail.com,Password12,547330
ccdloadtest767@gmail.com,Password12,547331
ccdloadtest768@gmail.com,Password12,547332
ccdloadtest769@gmail.com,Password12,547333
ccdloadtest770@gmail.com,Password12,547334
ccdloadtest771@gmail.com,Password12,547335
ccdloadtest751@gmail.com,Password12,547315
ccdloadtest752@gmail.com,Password12,547316
ccdloadtest753@gmail.com,Password12,547317
ccdloadtest754@gmail.com,Password12,547318
ccdloadtest755@gmail.com,Password12,547319
ccdloadtest756@gmail.com,Password12,547320
ccdloadtest757@gmail.com,Password12,547321
ccdloadtest758@gmail.com,Password12,547322
ccdloadtest759@gmail.com,Password12,547323
ccdloadtest760@gmail.com,Password12,547324
ccdloadtest762@gmail.com,Password12,547326
ccdloadtest763@gmail.com,Password12,547327
ccdloadtest764@gmail.com,Password12,547328
ccdloadtest765@gmail.com,Password12,547329
ccdloadtest766@gmail.com,Password12,547330
ccdloadtest767@gmail.com,Password12,547331
ccdloadtest768@gmail.com,Password12,547332
ccdloadtest769@gmail.com,Password12,547333
ccdloadtest770@gmail.com,Password12,547334
ccdloadtest771@gmail.com,Password12,547335
ccdloadtest751@gmail.com,Password12,547315
ccdloadtest752@gmail.com,Password12,547316
ccdloadtest753@gmail.com,Password12,547317
ccdloadtest754@gmail.com,Password12,547318
ccdloadtest755@gmail.com,Password12,547319
ccdloadtest756@gmail.com,Password12,547320
ccdloadtest757@gmail.com,Password12,547321
ccdloadtest758@gmail.com,Password12,547322
ccdloadtest759@gmail.com,Password12,547323
ccdloadtest760@gmail.com,Password12,547324
ccdloadtest762@gmail.com,Password12,547326
ccdloadtest763@gmail.com,Password12,547327
ccdloadtest764@gmail.com,Password12,547328
ccdloadtest765@gmail.com,Password12,547329
ccdloadtest766@gmail.com,Password12,547330
ccdloadtest767@gmail.com,Password12,547331
ccdloadtest768@gmail.com,Password12,547332
ccdloadtest769@gmail.com,Password12,547333
ccdloadtest770@gmail.com,Password12,547334
ccdloadtest771@gmail.com,Password12,547335
ccdloadtest751@gmail.com,Password12,547315
ccdloadtest752@gmail.com,Password12,547316
ccdloadtest753@gmail.com,Password12,547317
ccdloadtest754@gmail.com,Password12,547318
ccdloadtest755@gmail.com,Password12,547319
ccdloadtest756@gmail.com,Password12,547320
ccdloadtest757@gmail.com,Password12,547321
ccdloadtest758@gmail.com,Password12,547322
ccdloadtest759@gmail.com,Password12,547323
ccdloadtest760@gmail.com,Password12,547324
ccdloadtest762@gmail.com,Password12,547326
ccdloadtest763@gmail.com,Password12,547327
ccdloadtest764@gmail.com,Password12,547328
ccdloadtest765@gmail.com,Password12,547329
ccdloadtest766@gmail.com,Password12,547330
ccdloadtest767@gmail.com,Password12,547331
ccdloadtest768@gmail.com,Password12,547332
ccdloadtest769@gmail.com,Password12,547333
ccdloadtest770@gmail.com,Password12,547334
ccdloadtest771@gmail.com,Password12,547335
ccdloadtest751@gmail.com,Password12,547315
ccdloadtest752@gmail.com,Password12,547316
ccdloadtest753@gmail.com,Password12,547317
ccdloadtest754@gmail.com,Password12,547318
ccdloadtest755@gmail.com,Password12,547319
ccdloadtest756@gmail.com,Password12,547320
ccdloadtest757@gmail.com,Password12,547321
ccdloadtest758@gmail.com,Password12,547322
ccdloadtest759@gmail.com,Password12,547323
ccdloadtest760@gmail.com,Password12,547324
ccdloadtest762@gmail.com,Password12,547326
ccdloadtest763@gmail.com,Password12,547327
ccdloadtest764@gmail.com,Password12,547328
ccdloadtest765@gmail.com,Password12,547329
ccdloadtest766@gmail.com,Password12,547330
ccdloadtest767@gmail.com,Password12,547331
ccdloadtest768@gmail.com,Password12,547332
ccdloadtest769@gmail.com,Password12,547333
ccdloadtest770@gmail.com,Password12,547334
ccdloadtest771@gmail.com,Password12,547335
ccdloadtest751@gmail.com,Password12,547315
ccdloadtest752@gmail.com,Password12,547316
ccdloadtest753@gmail.com,Password12,547317
ccdloadtest754@gmail.com,Password12,547318
ccdloadtest755@gmail.com,Password12,547319
ccdloadtest756@gmail.com,Password12,547320
ccdloadtest757@gmail.com,Password12,547321
ccdloadtest758@gmail.com,Password12,547322
ccdloadtest759@gmail.com,Password12,547323
ccdloadtest760@gmail.com,Password12,547324
ccdloadtest762@gmail.com,Password12,547326
ccdloadtest763@gmail.com,Password12,547327
ccdloadtest764@gmail.com,Password12,547328
ccdloadtest765@gmail.com,Password12,547329
ccdloadtest766@gmail.com,Password12,547330
ccdloadtest767@gmail.com,Password12,547331
ccdloadtest768@gmail.com,Password12,547332
ccdloadtest769@gmail.com,Password12,547333
ccdloadtest770@gmail.com,Password12,547334
ccdloadtest771@gmail.com,Password12,547335
ccdloadtest751@gmail.com,Password12,547315
ccdloadtest752@gmail.com,Password12,547316
ccdloadtest753@gmail.com,Password12,547317
ccdloadtest754@gmail.com,Password12,547318
ccdloadtest755@gmail.com,Password12,547319
ccdloadtest756@gmail.com,Password12,547320
ccdloadtest757@gmail.com,Password12,547321
ccdloadtest758@gmail.com,Password12,547322
ccdloadtest759@gmail.com,Password12,547323
ccdloadtest760@gmail.com,Password12,547324
ccdloadtest762@gmail.com,Password12,547326
ccdloadtest763@gmail.com,Password12,547327
ccdloadtest764@gmail.com,Password12,547328
ccdloadtest765@gmail.com,Password12,547329
ccdloadtest766@gmail.com,Password12,547330
ccdloadtest767@gmail.com,Password12,547331
ccdloadtest768@gmail.com,Password12,547332
ccdloadtest769@gmail.com,Password12,547333
ccdloadtest770@gmail.com,Password12,547334
ccdloadtest771@gmail.com,Password12,547335
ccdloadtest751@gmail.com,Password12,547315
ccdloadtest752@gmail.com,Password12,547316
ccdloadtest753@gmail.com,Password12,547317
ccdloadtest754@gmail.com,Password12,547318
ccdloadtest755@gmail.com,Password12,547319
ccdloadtest756@gmail.com,Password12,547320
ccdloadtest757@gmail.com,Password12,547321
ccdloadtest758@gmail.com,Password12,547322
ccdloadtest759@gmail.com,Password12,547323
ccdloadtest760@gmail.com,Password12,547324
ccdloadtest762@gmail.com,Password12,547326
ccdloadtest763@gmail.com,Password12,547327
ccdloadtest764@gmail.com,Password12,547328
ccdloadtest765@gmail.com,Password12,547329
ccdloadtest766@gmail.com,Password12,547330
ccdloadtest767@gmail.com,Password12,547331
ccdloadtest768@gmail.com,Password12,547332
ccdloadtest769@gmail.com,Password12,547333
ccdloadtest770@gmail.com,Password12,547334
ccdloadtest771@gmail.com,Password12,547335
ccdloadtest751@gmail.com,Password12,547315
ccdloadtest752@gmail.com,Password12,547316
ccdloadtest753@gmail.com,Password12,547317
ccdloadtest754@gmail.com,Password12,547318
ccdloadtest755@gmail.com,Password12,547319
ccdloadtest756@gmail.com,Password12,547320
ccdloadtest757@gmail.com,Password12,547321
ccdloadtest758@gmail.com,Password12,547322
ccdloadtest759@gmail.com,Password12,547323
ccdloadtest760@gmail.com,Password12,547324
ccdloadtest762@gmail.com,Password12,547326
ccdloadtest763@gmail.com,Password12,547327
ccdloadtest764@gmail.com,Password12,547328
ccdloadtest765@gmail.com,Password12,547329
ccdloadtest766@gmail.com,Password12,547330
ccdloadtest767@gmail.com,Password12,547331
ccdloadtest768@gmail.com,Password12,547332
ccdloadtest769@gmail.com,Password12,547333
ccdloadtest770@gmail.com,Password12,547334
ccdloadtest771@gmail.com,Password12,547335
ccdloadtest751@gmail.com,Password12,547315
ccdloadtest752@gmail.com,Password12,547316
ccdloadtest753@gmail.com,Password12,547317
ccdloadtest754@gmail.com,Password12,547318
ccdloadtest755@gmail.com,Password12,547319
ccdloadtest756@gmail.com,Password12,547320
ccdloadtest757@gmail.com,Password12,547321
ccdloadtest758@gmail.com,Password12,547322
ccdloadtest759@gmail.com,Password12,547323
ccdloadtest760@gmail.com,Password12,547324
ccdloadtest762@gmail.com,Password12,547326
ccdloadtest763@gmail.com,Password12,547327
ccdloadtest764@gmail.com,Password12,547328
ccdloadtest765@gmail.com,Password12,547329
ccdloadtest766@gmail.com,Password12,547330
ccdloadtest767@gmail.com,Password12,547331
ccdloadtest768@gmail.com,Password12,547332
ccdloadtest769@gmail.com,Password12,547333
ccdloadtest770@gmail.com,Password12,547334
ccdloadtest771@gmail.com,Password12,547335
ccdloadtest751@gmail.com,Password12,547315
ccdloadtest752@gmail.com,Password12,547316
ccdloadtest753@gmail.com,Password12,547317
ccdloadtest754@gmail.com,Password12,547318
ccdloadtest755@gmail.com,Password12,547319
ccdloadtest756@gmail.com,Password12,547320
ccdloadtest757@gmail.com,Password12,547321
ccdloadtest758@gmail.com,Password12,547322
ccdloadtest759@gmail.com,Password12,547323
ccdloadtest760@gmail.com,Password12,547324
ccdloadtest762@gmail.com,Password12,547326
ccdloadtest763@gmail.com,Password12,547327
ccdloadtest764@gmail.com,Password12,547328
ccdloadtest765@gmail.com,Password12,547329
ccdloadtest766@gmail.com,Password12,547330
ccdloadtest767@gmail.com,Password12,547331
ccdloadtest768@gmail.com,Password12,547332
ccdloadtest769@gmail.com,Password12,547333
ccdloadtest770@gmail.com,Password12,547334
ccdloadtest771@gmail.com,Password12,547335
ccdloadtest751@gmail.com,Password12,547315
ccdloadtest752@gmail.com,Password12,547316
ccdloadtest753@gmail.com,Password12,547317
ccdloadtest754@gmail.com,Password12,547318
ccdloadtest755@gmail.com,Password12,547319
ccdloadtest756@gmail.com,Password12,547320
ccdloadtest757@gmail.com,Password12,547321
ccdloadtest758@gmail.com,Password12,547322
ccdloadtest759@gmail.com,Password12,547323
ccdloadtest760@gmail.com,Password12,547324
ccdloadtest762@gmail.com,Password12,547326
ccdloadtest763@gmail.com,Password12,547327
ccdloadtest764@gmail.com,Password12,547328
ccdloadtest765@gmail.com,Password12,547329
ccdloadtest766@gmail.com,Password12,547330
ccdloadtest767@gmail.com,Password12,547331
ccdloadtest768@gmail.com,Password12,547332
ccdloadtest769@gmail.com,Password12,547333
ccdloadtest770@gmail.com,Password12,547334
ccdloadtest771@gmail.com,Password12,547335
ccdloadtest751@gmail.com,Password12,547315
ccdloadtest752@gmail.com,Password12,547316
ccdloadtest753@gmail.com,Password12,547317
ccdloadtest754@gmail.com,Password12,547318
ccdloadtest755@gmail.com,Password12,547319
ccdloadtest756@gmail.com,Password12,547320
ccdloadtest757@gmail.com,Password12,547321
ccdloadtest758@gmail.com,Password12,547322
ccdloadtest759@gmail.com,Password12,547323
ccdloadtest760@gmail.com,Password12,547324
ccdloadtest762@gmail.com,Password12,547326
ccdloadtest763@gmail.com,Password12,547327
ccdloadtest764@gmail.com,Password12,547328
ccdloadtest765@gmail.com,Password12,547329
ccdloadtest766@gmail.com,Password12,547330
ccdloadtest767@gmail.com,Password12,547331
ccdloadtest768@gmail.com,Password12,547332
ccdloadtest769@gmail.com,Password12,547333
ccdloadtest770@gmail.com,Password12,547334
ccdloadtest771@gmail.com,Password12,547335
ccdloadtest751@gmail.com,Password12,547315
ccdloadtest752@gmail.com,Password12,547316
ccdloadtest753@gmail.com,Password12,547317
ccdloadtest754@gmail.com,Password12,547318
ccdloadtest755@gmail.com,Password12,547319
ccdloadtest756@gmail.com,Password12,547320
ccdloadtest757@gmail.com,Password12,547321
ccdloadtest758@gmail.com,Password12,547322
ccdloadtest759@gmail.com,Password12,547323
ccdloadtest760@gmail.com,Password12,547324
ccdloadtest762@gmail.com,Password12,547326
ccdloadtest763@gmail.com,Password12,547327
ccdloadtest764@gmail.com,Password12,547328
ccdloadtest765@gmail.com,Password12,547329
ccdloadtest766@gmail.com,Password12,547330
ccdloadtest767@gmail.com,Password12,547331
ccdloadtest768@gmail.com,Password12,547332
ccdloadtest769@gmail.com,Password12,547333
ccdloadtest770@gmail.com,Password12,547334
ccdloadtest771@gmail.com,Password12,547335
ccdloadtest751@gmail.com,Password12,547315
ccdloadtest752@gmail.com,Password12,547316
ccdloadtest753@gmail.com,Password12,547317
ccdloadtest754@gmail.com,Password12,547318
ccdloadtest755@gmail.com,Password12,547319
ccdloadtest756@gmail.com,Password12,547320
ccdloadtest757@gmail.com,Password12,547321
ccdloadtest758@gmail.com,Password12,547322
ccdloadtest759@gmail.com,Password12,547323
ccdloadtest760@gmail.com,Password12,547324
ccdloadtest762@gmail.com,Password12,547326
ccdloadtest763@gmail.com,Password12,547327
ccdloadtest764@gmail.com,Password12,547328
ccdloadtest765@gmail.com,Password12,547329
ccdloadtest766@gmail.com,Password12,547330
ccdloadtest767@gmail.com,Password12,547331
ccdloadtest768@gmail.com,Password12,547332
ccdloadtest769@gmail.com,Password12,547333
ccdloadtest770@gmail.com,Password12,547334
ccdloadtest771@gmail.com,Password12,547335
ccdloadtest751@gmail.com,Password12,547315
ccdloadtest752@gmail.com,Password12,547316
ccdloadtest753@gmail.com,Password12,547317
ccdloadtest754@gmail.com,Password12,547318
ccdloadtest755@gmail.com,Password12,547319
ccdloadtest756@gmail.com,Password12,547320
ccdloadtest757@gmail.com,Password12,547321
ccdloadtest758@gmail.com,Password12,547322
ccdloadtest759@gmail.com,Password12,547323
ccdloadtest760@gmail.com,Password12,547324
ccdloadtest762@gmail.com,Password12,547326
ccdloadtest763@gmail.com,Password12,547327
ccdloadtest764@gmail.com,Password12,547328
ccdloadtest765@gmail.com,Password12,547329
ccdloadtest766@gmail.com,Password12,547330
ccdloadtest767@gmail.com,Password12,547331
ccdloadtest768@gmail.com,Password12,547332
ccdloadtest769@gmail.com,Password12,547333
ccdloadtest770@gmail.com,Password12,547334
ccdloadtest771@gmail.com,Password12,547335
ccdloadtest751@gmail.com,Password12,547315
ccdloadtest752@gmail.com,Password12,547316
ccdloadtest753@gmail.com,Password12,547317
ccdloadtest754@gmail.com,Password12,547318
ccdloadtest755@gmail.com,Password12,547319
ccdloadtest756@gmail.com,Password12,547320
ccdloadtest757@gmail.com,Password12,547321
ccdloadtest758@gmail.com,Password12,547322
ccdloadtest759@gmail.com,Password12,547323
ccdloadtest760@gmail.com,Password12,547324
ccdloadtest762@gmail.com,Password12,547326
ccdloadtest763@gmail.com,Password12,547327
ccdloadtest764@gmail.com,Password12,547328
ccdloadtest765@gmail.com,Password12,547329
ccdloadtest766@gmail.com,Password12,547330
ccdloadtest767@gmail.com,Password12,547331
ccdloadtest768@gmail.com,Password12,547332
ccdloadtest769@gmail.com,Password12,547333
ccdloadtest770@gmail.com,Password12,547334
ccdloadtest771@gmail.com,Password12,547335
ccdloadtest751@gmail.com,Password12,547315
ccdloadtest752@gmail.com,Password12,547316
ccdloadtest753@gmail.com,Password12,547317
ccdloadtest754@gmail.com,Password12,547318
ccdloadtest755@gmail.com,Password12,547319
ccdloadtest756@gmail.com,Password12,547320
ccdloadtest757@gmail.com,Password12,547321
ccdloadtest758@gmail.com,Password12,547322
ccdloadtest759@gmail.com,Password12,547323
ccdloadtest760@gmail.com,Password12,547324
ccdloadtest762@gmail.com,Password12,547326
ccdloadtest763@gmail.com,Password12,547327
ccdloadtest764@gmail.com,Password12,547328
ccdloadtest765@gmail.com,Password12,547329
ccdloadtest766@gmail.com,Password12,547330
ccdloadtest767@gmail.com,Password12,547331
ccdloadtest768@gmail.com,Password12,547332
ccdloadtest769@gmail.com,Password12,547333
ccdloadtest770@gmail.com,Password12,547334
ccdloadtest771@gmail.com,Password12,547335
ccdloadtest751@gmail.com,Password12,547315
ccdloadtest752@gmail.com,Password12,547316
ccdloadtest753@gmail.com,Password12,547317
ccdloadtest754@gmail.com,Password12,547318
ccdloadtest755@gmail.com,Password12,547319
ccdloadtest756@gmail.com,Password12,547320
ccdloadtest757@gmail.com,Password12,547321
ccdloadtest758@gmail.com,Password12,547322
ccdloadtest759@gmail.com,Password12,547323
ccdloadtest760@gmail.com,Password12,547324
ccdloadtest762@gmail.com,Password12,547326
ccdloadtest763@gmail.com,Password12,547327
ccdloadtest764@gmail.com,Password12,547328
ccdloadtest765@gmail.com,Password12,547329
ccdloadtest766@gmail.com,Password12,547330
ccdloadtest767@gmail.com,Password12,547331
ccdloadtest768@gmail.com,Password12,547332
ccdloadtest769@gmail.com,Password12,547333
ccdloadtest770@gmail.com,Password12,547334
ccdloadtest771@gmail.com,Password12,547335
ccdloadtest751@gmail.com,Password12,547315
ccdloadtest752@gmail.com,Password12,547316
ccdloadtest753@gmail.com,Password12,547317
ccdloadtest754@gmail.com,Password12,547318
ccdloadtest755@gmail.com,Password12,547319
ccdloadtest756@gmail.com,Password12,547320
ccdloadtest757@gmail.com,Password12,547321
ccdloadtest758@gmail.com,Password12,547322
ccdloadtest759@gmail.com,Password12,547323
ccdloadtest760@gmail.com,Password12,547324
ccdloadtest762@gmail.com,Password12,547326
ccdloadtest763@gmail.com,Password12,547327
ccdloadtest764@gmail.com,Password12,547328
ccdloadtest765@gmail.com,Password12,547329
ccdloadtest766@gmail.com,Password12,547330
ccdloadtest767@gmail.com,Password12,547331
ccdloadtest768@gmail.com,Password12,547332
ccdloadtest769@gmail.com,Password12,547333
ccdloadtest770@gmail.com,Password12,547334
ccdloadtest771@gmail.com,Password12,547335
ccdloadtest751@gmail.com,Password12,547315
ccdloadtest752@gmail.com,Password12,547316
ccdloadtest753@gmail.com,Password12,547317
ccdloadtest754@gmail.com,Password12,547318
ccdloadtest755@gmail.com,Password12,547319
ccdloadtest756@gmail.com,Password12,547320
ccdloadtest757@gmail.com,Password12,547321
ccdloadtest758@gmail.com,Password12,547322
ccdloadtest759@gmail.com,Password12,547323
ccdloadtest760@gmail.com,Password12,547324
ccdloadtest762@gmail.com,Password12,547326
ccdloadtest763@gmail.com,Password12,547327
ccdloadtest764@gmail.com,Password12,547328
ccdloadtest765@gmail.com,Password12,547329
ccdloadtest766@gmail.com,Password12,547330
ccdloadtest767@gmail.com,Password12,547331
ccdloadtest768@gmail.com,Password12,547332
ccdloadtest769@gmail.com,Password12,547333
ccdloadtest770@gmail.com,Password12,547334
ccdloadtest771@gmail.com,Password12,547335
ccdloadtest751@gmail.com,Password12,547315
ccdloadtest752@gmail.com,Password12,547316
ccdloadtest753@gmail.com,Password12,547317
ccdloadtest754@gmail.com,Password12,547318
ccdloadtest755@gmail.com,Password12,547319
ccdloadtest756@gmail.com,Password12,547320
ccdloadtest757@gmail.com,Password12,547321
ccdloadtest758@gmail.com,Password12,547322
ccdloadtest759@gmail.com,Password12,547323
ccdloadtest760@gmail.com,Password12,547324
ccdloadtest762@gmail.com,Password12,547326
ccdloadtest763@gmail.com,Password12,547327
ccdloadtest764@gmail.com,Password12,547328
ccdloadtest765@gmail.com,Password12,547329
ccdloadtest766@gmail.com,Password12,547330
ccdloadtest767@gmail.com,Password12,547331
ccdloadtest768@gmail.com,Password12,547332
ccdloadtest769@gmail.com,Password12,547333
ccdloadtest770@gmail.com,Password12,547334
ccdloadtest771@gmail.com,Password12,547335
ccdloadtest751@gmail.com,Password12,547315
ccdloadtest752@gmail.com,Password12,547316
ccdloadtest753@gmail.com,Password12,547317
ccdloadtest754@gmail.com,Password12,547318
ccdloadtest755@gmail.com,Password12,547319
ccdloadtest756@gmail.com,Password12,547320
ccdloadtest757@gmail.com,Password12,547321
ccdloadtest758@gmail.com,Password12,547322
ccdloadtest759@gmail.com,Password12,547323
ccdloadtest760@gmail.com,Password12,547324
ccdloadtest762@gmail.com,Password12,547326
ccdloadtest763@gmail.com,Password12,547327
ccdloadtest764@gmail.com,Password12,547328
ccdloadtest765@gmail.com,Password12,547329
ccdloadtest766@gmail.com,Password12,547330
ccdloadtest767@gmail.com,Password12,547331
ccdloadtest768@gmail.com,Password12,547332
ccdloadtest769@gmail.com,Password12,547333
ccdloadtest770@gmail.com,Password12,547334
ccdloadtest771@gmail.com,Password12,547335
ccdloadtest751@gmail.com,Password12,547315
ccdloadtest752@gmail.com,Password12,547316
ccdloadtest753@gmail.com,Password12,547317
ccdloadtest754@gmail.com,Password12,547318
ccdloadtest755@gmail.com,Password12,547319
ccdloadtest756@gmail.com,Password12,547320
ccdloadtest757@gmail.com,Password12,547321
ccdloadtest758@gmail.com,Password12,547322
ccdloadtest759@gmail.com,Password12,547323
ccdloadtest760@gmail.com,Password12,547324
ccdloadtest762@gmail.com,Password12,547326
ccdloadtest763@gmail.com,Password12,547327
ccdloadtest764@gmail.com,Password12,547328
ccdloadtest765@gmail.com,Password12,547329
ccdloadtest766@gmail.com,Password12,547330
ccdloadtest767@gmail.com,Password12,547331
ccdloadtest768@gmail.com,Password12,547332
ccdloadtest769@gmail.com,Password12,547333
ccdloadtest770@gmail.com,Password12,547334
ccdloadtest771@gmail.com,Password12,547335
ccdloadtest751@gmail.com,Password12,547315
ccdloadtest752@gmail.com,Password12,547316
ccdloadtest753@gmail.com,Password12,547317
ccdloadtest754@gmail.com,Password12,547318
ccdloadtest755@gmail.com,Password12,547319
ccdloadtest756@gmail.com,Password12,547320
ccdloadtest757@gmail.com,Password12,547321
ccdloadtest758@gmail.com,Password12,547322
ccdloadtest759@gmail.com,Password12,547323
ccdloadtest760@gmail.com,Password12,547324
ccdloadtest762@gmail.com,Password12,547326
ccdloadtest763@gmail.com,Password12,547327
ccdloadtest764@gmail.com,Password12,547328
ccdloadtest765@gmail.com,Password12,547329
ccdloadtest766@gmail.com,Password12,547330
ccdloadtest767@gmail.com,Password12,547331
ccdloadtest768@gmail.com,Password12,547332
ccdloadtest769@gmail.com,Password12,547333
ccdloadtest770@gmail.com,Password12,547334
ccdloadtest771@gmail.com,Password12,547335
ccdloadtest751@gmail.com,Password12,547315
ccdloadtest752@gmail.com,Password12,547316
ccdloadtest753@gmail.com,Password12,547317
ccdloadtest754@gmail.com,Password12,547318
ccdloadtest755@gmail.com,Password12,547319
ccdloadtest756@gmail.com,Password12,547320
ccdloadtest757@gmail.com,Password12,547321
ccdloadtest758@gmail.com,Password12,547322
ccdloadtest759@gmail.com,Password12,547323
ccdloadtest760@gmail.com,Password12,547324
ccdloadtest762@gmail.com,Password12,547326
ccdloadtest763@gmail.com,Password12,547327
ccdloadtest764@gmail.com,Password12,547328
ccdloadtest765@gmail.com,Password12,547329
ccdloadtest766@gmail.com,Password12,547330
ccdloadtest767@gmail.com,Password12,547331
ccdloadtest768@gmail.com,Password12,547332
ccdloadtest769@gmail.com,Password12,547333
ccdloadtest770@gmail.com,Password12,547334
ccdloadtest771@gmail.com,Password12,547335
ccdloadtest751@gmail.com,Password12,547315
ccdloadtest752@gmail.com,Password12,547316
ccdloadtest753@gmail.com,Password12,547317
ccdloadtest754@gmail.com,Password12,547318
ccdloadtest755@gmail.com,Password12,547319
ccdloadtest756@gmail.com,Password12,547320
ccdloadtest757@gmail.com,Password12,547321
ccdloadtest758@gmail.com,Password12,547322
ccdloadtest759@gmail.com,Password12,547323
ccdloadtest760@gmail.com,Password12,547324
ccdloadtest762@gmail.com,Password12,547326
ccdloadtest763@gmail.com,Password12,547327
ccdloadtest764@gmail.com,Password12,547328
ccdloadtest765@gmail.com,Password12,547329
ccdloadtest766@gmail.com,Password12,547330
ccdloadtest767@gmail.com,Password12,547331
ccdloadtest768@gmail.com,Password12,547332
ccdloadtest769@gmail.com,Password12,547333
ccdloadtest770@gmail.com,Password12,547334
ccdloadtest771@gmail.com,Password12,547335
ccdloadtest751@gmail.com,Password12,547315
ccdloadtest752@gmail.com,Password12,547316
ccdloadtest753@gmail.com,Password12,547317
ccdloadtest754@gmail.com,Password12,547318
ccdloadtest755@gmail.com,Password12,547319
ccdloadtest756@gmail.com,Password12,547320
ccdloadtest757@gmail.com,Password12,547321
ccdloadtest758@gmail.com,Password12,547322
ccdloadtest759@gmail.com,Password12,547323
ccdloadtest760@gmail.com,Password12,547324
ccdloadtest762@gmail.com,Password12,547326
ccdloadtest763@gmail.com,Password12,547327
ccdloadtest764@gmail.com,Password12,547328
ccdloadtest765@gmail.com,Password12,547329
ccdloadtest766@gmail.com,Password12,547330
ccdloadtest767@gmail.com,Password12,547331
ccdloadtest768@gmail.com,Password12,547332
ccdloadtest769@gmail.com,Password12,547333
ccdloadtest770@gmail.com,Password12,547334
ccdloadtest771@gmail.com,Password12,547335
ccdloadtest751@gmail.com,Password12,547315
ccdloadtest752@gmail.com,Password12,547316
ccdloadtest753@gmail.com,Password12,547317
ccdloadtest754@gmail.com,Password12,547318
ccdloadtest755@gmail.com,Password12,547319
ccdloadtest756@gmail.com,Password12,547320
ccdloadtest757@gmail.com,Password12,547321
ccdloadtest758@gmail.com,Password12,547322
ccdloadtest759@gmail.com,Password12,547323
ccdloadtest760@gmail.com,Password12,547324
ccdloadtest762@gmail.com,Password12,547326
ccdloadtest763@gmail.com,Password12,547327
ccdloadtest764@gmail.com,Password12,547328
ccdloadtest765@gmail.com,Password12,547329
ccdloadtest766@gmail.com,Password12,547330
ccdloadtest767@gmail.com,Password12,547331
ccdloadtest768@gmail.com,Password12,547332
ccdloadtest769@gmail.com,Password12,547333
ccdloadtest770@gmail.com,Password12,547334
ccdloadtest771@gmail.com,Password12,547335
ccdloadtest751@gmail.com,Password12,547315
ccdloadtest752@gmail.com,Password12,547316
ccdloadtest753@gmail.com,Password12,547317
ccdloadtest754@gmail.com,Password12,547318
ccdloadtest755@gmail.com,Password12,547319
ccdloadtest756@gmail.com,Password12,547320
ccdloadtest757@gmail.com,Password12,547321
ccdloadtest758@gmail.com,Password12,547322
ccdloadtest759@gmail.com,Password12,547323
ccdloadtest760@gmail.com,Password12,547324
ccdloadtest762@gmail.com,Password12,547326
ccdloadtest763@gmail.com,Password12,547327
ccdloadtest764@gmail.com,Password12,547328
ccdloadtest765@gmail.com,Password12,547329
ccdloadtest766@gmail.com,Password12,547330
ccdloadtest767@gmail.com,Password12,547331
ccdloadtest768@gmail.com,Password12,547332
ccdloadtest769@gmail.com,Password12,547333
ccdloadtest770@gmail.com,Password12,547334
ccdloadtest771@gmail.com,Password12,547335
ccdloadtest751@gmail.com,Password12,547315
ccdloadtest752@gmail.com,Password12,547316
ccdloadtest753@gmail.com,Password12,547317
ccdloadtest754@gmail.com,Password12,547318
ccdloadtest755@gmail.com,Password12,547319
ccdloadtest756@gmail.com,Password12,547320
ccdloadtest757@gmail.com,Password12,547321
ccdloadtest758@gmail.com,Password12,547322
ccdloadtest759@gmail.com,Password12,547323
ccdloadtest760@gmail.com,Password12,547324
ccdloadtest762@gmail.com,Password12,547326
ccdloadtest763@gmail.com,Password12,547327
ccdloadtest764@gmail.com,Password12,547328
ccdloadtest765@gmail.com,Password12,547329
ccdloadtest766@gmail.com,Password12,547330
ccdloadtest767@gmail.com,Password12,547331
ccdloadtest768@gmail.com,Password12,547332
ccdloadtest769@gmail.com,Password12,547333
ccdloadtest770@gmail.com,Password12,547334
ccdloadtest771@gmail.com,Password12,547335
ccdloadtest751@gmail.com,Password12,547315
ccdloadtest752@gmail.com,Password12,547316
ccdloadtest753@gmail.com,Password12,547317
ccdloadtest754@gmail.com,Password12,547318
ccdloadtest755@gmail.com,Password12,547319
ccdloadtest756@gmail.com,Password12,547320
ccdloadtest757@gmail.com,Password12,547321
ccdloadtest758@gmail.com,Password12,547322
ccdloadtest759@gmail.com,Password12,547323
ccdloadtest760@gmail.com,Password12,547324
ccdloadtest762@gmail.com,Password12,547326
ccdloadtest763@gmail.com,Password12,547327
ccdloadtest764@gmail.com,Password12,547328
ccdloadtest765@gmail.com,Password12,547329
ccdloadtest766@gmail.com,Password12,547330
ccdloadtest767@gmail.com,Password12,547331
ccdloadtest768@gmail.com,Password12,547332
ccdloadtest769@gmail.com,Password12,547333
ccdloadtest770@gmail.com,Password12,547334
ccdloadtest771@gmail.com,Password12,547335
ccdloadtest751@gmail.com,Password12,547315
ccdloadtest752@gmail.com,Password12,547316
ccdloadtest753@gmail.com,Password12,547317
ccdloadtest754@gmail.com,Password12,547318
ccdloadtest755@gmail.com,Password12,547319
ccdloadtest756@gmail.com,Password12,547320
ccdloadtest757@gmail.com,Password12,547321
ccdloadtest758@gmail.com,Password12,547322
ccdloadtest759@gmail.com,Password12,547323
ccdloadtest760@gmail.com,Password12,547324
ccdloadtest762@gmail.com,Password12,547326
ccdloadtest763@gmail.com,Password12,547327
ccdloadtest764@gmail.com,Password12,547328
ccdloadtest765@gmail.com,Password12,547329
ccdloadtest766@gmail.com,Password12,547330
ccdloadtest767@gmail.com,Password12,547331
ccdloadtest768@gmail.com,Password12,547332
ccdloadtest769@gmail.com,Password12,547333
ccdloadtest770@gmail.com,Password12,547334
ccdloadtest771@gmail.com,Password12,547335
ccdloadtest751@gmail.com,Password12,547315
ccdloadtest752@gmail.com,Password12,547316
ccdloadtest753@gmail.com,Password12,547317
ccdloadtest754@gmail.com,Password12,547318
ccdloadtest755@gmail.com,Password12,547319
ccdloadtest756@gmail.com,Password12,547320
ccdloadtest757@gmail.com,Password12,547321
ccdloadtest758@gmail.com,Password12,547322
ccdloadtest759@gmail.com,Password12,547323
ccdloadtest760@gmail.com,Password12,547324
ccdloadtest762@gmail.com,Password12,547326
ccdloadtest763@gmail.com,Password12,547327
ccdloadtest764@gmail.com,Password12,547328
ccdloadtest765@gmail.com,Password12,547329
ccdloadtest766@gmail.com,Password12,547330
ccdloadtest767@gmail.com,Password12,547331
ccdloadtest768@gmail.com,Password12,547332
ccdloadtest769@gmail.com,Password12,547333
ccdloadtest770@gmail.com,Password12,547334
ccdloadtest771@gmail.com,Password12,547335
ccdloadtest751@gmail.com,Password12,547315
ccdloadtest752@gmail.com,Password12,547316
ccdloadtest753@gmail.com,Password12,547317
ccdloadtest754@gmail.com,Password12,547318
ccdloadtest755@gmail.com,Password12,547319
ccdloadtest756@gmail.com,Password12,547320
ccdloadtest757@gmail.com,Password12,547321
ccdloadtest758@gmail.com,Password12,547322
ccdloadtest759@gmail.com,Password12,547323
ccdloadtest760@gmail.com,Password12,547324
ccdloadtest762@gmail.com,Password12,547326
ccdloadtest763@gmail.com,Password12,547327
ccdloadtest764@gmail.com,Password12,547328
ccdloadtest765@gmail.com,Password12,547329
ccdloadtest766@gmail.com,Password12,547330
ccdloadtest767@gmail.com,Password12,547331
ccdloadtest768@gmail.com,Password12,547332
ccdloadtest769@gmail.com,Password12,547333
ccdloadtest770@gmail.com,Password12,547334
ccdloadtest771@gmail.com,Password12,547335
ccdloadtest751@gmail.com,Password12,547315
ccdloadtest752@gmail.com,Password12,547316
ccdloadtest753@gmail.com,Password12,547317
ccdloadtest754@gmail.com,Password12,547318
ccdloadtest755@gmail.com,Password12,547319
ccdloadtest756@gmail.com,Password12,547320
ccdloadtest757@gmail.com,Password12,547321
ccdloadtest758@gmail.com,Password12,547322
ccdloadtest759@gmail.com,Password12,547323
ccdloadtest760@gmail.com,Password12,547324
ccdloadtest762@gmail.com,Password12,547326
ccdloadtest763@gmail.com,Password12,547327
ccdloadtest764@gmail.com,Password12,547328
ccdloadtest765@gmail.com,Password12,547329
ccdloadtest766@gmail.com,Password12,547330
ccdloadtest767@gmail.com,Password12,547331
ccdloadtest768@gmail.com,Password12,547332
ccdloadtest769@gmail.com,Password12,547333
ccdloadtest770@gmail.com,Password12,547334
ccdloadtest771@gmail.com,Password12,547335
ccdloadtest751@gmail.com,Password12,547315
ccdloadtest752@gmail.com,Password12,547316
ccdloadtest753@gmail.com,Password12,547317
ccdloadtest754@gmail.com,Password12,547318
ccdloadtest755@gmail.com,Password12,547319
ccdloadtest756@gmail.com,Password12,547320
ccdloadtest757@gmail.com,Password12,547321
ccdloadtest758@gmail.com,Password12,547322
ccdloadtest759@gmail.com,Password12,547323
ccdloadtest760@gmail.com,Password12,547324
ccdloadtest762@gmail.com,Password12,547326
ccdloadtest763@gmail.com,Password12,547327
ccdloadtest764@gmail.com,Password12,547328
ccdloadtest765@gmail.com,Password12,547329
ccdloadtest766@gmail.com,Password12,547330
ccdloadtest767@gmail.com,Password12,547331
ccdloadtest768@gmail.com,Password12,547332
ccdloadtest769@gmail.com,Password12,547333
ccdloadtest770@gmail.com,Password12,547334
ccdloadtest771@gmail.com,Password12,547335
ccdloadtest751@gmail.com,Password12,547315
ccdloadtest752@gmail.com,Password12,547316
ccdloadtest753@gmail.com,Password12,547317
ccdloadtest754@gmail.com,Password12,547318
ccdloadtest755@gmail.com,Password12,547319
ccdloadtest756@gmail.com,Password12,547320
ccdloadtest757@gmail.com,Password12,547321
ccdloadtest758@gmail.com,Password12,547322
ccdloadtest759@gmail.com,Password12,547323
ccdloadtest760@gmail.com,Password12,547324
ccdloadtest762@gmail.com,Password12,547326
ccdloadtest763@gmail.com,Password12,547327
ccdloadtest764@gmail.com,Password12,547328
ccdloadtest765@gmail.com,Password12,547329
ccdloadtest766@gmail.com,Password12,547330
ccdloadtest767@gmail.com,Password12,547331
ccdloadtest768@gmail.com,Password12,547332
ccdloadtest769@gmail.com,Password12,547333
ccdloadtest770@gmail.com,Password12,547334
ccdloadtest771@gmail.com,Password12,547335